{
  "train_loss": [
    18.590445137023927,
    5.947453861236572
  ],
  "train_acc": [
    -18.590445137023927,
    -5.947453861236572
  ],
  "val_loss": [
    6.126655769348145,
    6.05817346572876
  ],
  "val_acc": [
    -6.126655769348145,
    -6.05817346572876
  ],
  "lr": [
    0.001,
    0.001
  ]
}