{
  "train_loss": [
    16.363690659659248,
    6.194989299092974,
    2.7714438261304584,
    1.788093137059893,
    1.0777520651476724,
    0.9739465792690004,
    0.6908047924722944,
    0.4023065802029201,
    0.19385459480740663,
    0.3057741726655513,
    0.2686567706618059,
    0.13812875083764084,
    0.15909355635713188,
    0.1960345624553572,
    0.15845287522412815,
    0.1366608461211477,
    0.030554789292669155,
    0.04844870060919155,
    0.02591592482426547
  ],
  "train_acc": [
    0.26285714285714284,
    0.36714285714285716,
    0.5342857142857143,
    0.6428571428571429,
    0.7171428571428572,
    0.7471428571428571,
    0.8085714285714286,
    0.8885714285714286,
    0.9414285714285714,
    0.9414285714285714,
    0.9485714285714286,
    0.9614285714285714,
    0.9642857142857143,
    0.95,
    0.9685714285714285,
    0.97,
    0.9857142857142858,
    0.9914285714285714,
    0.9928571428571429
  ],
  "val_loss": [
    1.9840599577767508,
    4.035492392948695,
    1.156483816078731,
    0.5247637567349842,
    8.14453913006046,
    0.17447068929214635,
    0.3316869197782632,
    0.06571938681979678,
    0.008195232004454697,
    2.032483341097832,
    0.03412673216974716,
    6.419645664469239e-05,
    0.496981739133771,
    0.04329510280457011,
    3.319771318014578e-06,
    5.426262087374718e-05,
    8.932984842106504e-06,
    5.892578059112046e-06,
    2.4924288551833994e-06
  ],
  "val_acc": [
    0.49142857142857144,
    0.2057142857142857,
    0.48,
    0.7542857142857143,
    0.38857142857142857,
    0.9371428571428572,
    0.8742857142857143,
    0.9714285714285714,
    1.0,
    0.8114285714285714,
    0.9942857142857143,
    1.0,
    0.9085714285714286,
    0.9771428571428571,
    1.0,
    1.0,
    1.0,
    1.0,
    1.0
  ],
  "lr": [
    0.001,
    0.001,
    0.001,
    0.001,
    0.001,
    0.001,
    0.001,
    0.001,
    0.001,
    0.001,
    0.001,
    0.001,
    0.001,
    0.0005,
    0.0005,
    0.0005,
    0.0005,
    0.00025,
    0.00025
  ]
}