{
  "train_loss": [
    4.705735536915088,
    2.9845870004491766,
    2.0479781785957245,
    1.6003539806435465,
    1.3275339565779034,
    1.1668582790776303,
    1.024229190320621,
    0.9150280990581281,
    0.828062309041197,
    0.7615787840565207,
    0.6813955608167146,
    0.6405692351009199,
    0.5825454640726329,
    0.560631022400219,
    0.5322584971242588,
    0.49898271266265437,
    0.46513299531782204,
    0.4592324443191652,
    0.4252971374674847,
    0.40513405505462213,
    0.3964632387585968,
    0.3750674916665081,
    0.35739282642298864,
    0.35340381813676736,
    0.3334367677629718,
    0.3213414408417366,
    0.31982752996900304,
    0.3143952048017911,
    0.29253317690812625,
    0.2805727594535843,
    0.28389242151488175,
    0.27424635647038215,
    0.26392523273524005,
    0.2599193926644229,
    0.2518868339689154,
    0.25124429261636155,
    0.23330130770138882,
    0.23189188796981627,
    0.2437266026672564,
    0.2122658861069544,
    0.226526763347479,
    0.17574720601079918,
    0.1688229324002015,
    0.15750939662639912,
    0.1548787304264331,
    0.1570983310460079,
    0.15054799440177347,
    0.13602979125281578,
    0.13410586311297137,
    0.12897288799889176
  ],
  "train_acc": [
    0.051417004048582994,
    0.23081983805668016,
    0.41912955465587043,
    0.5244433198380567,
    0.6009109311740891,
    0.6479251012145749,
    0.6852732793522267,
    0.7180161943319838,
    0.7435222672064777,
    0.7622975708502024,
    0.7883603238866397,
    0.8022267206477732,
    0.8200404858299595,
    0.8260627530364373,
    0.8334514170040486,
    0.8450404858299595,
    0.8544028340080971,
    0.8565283400809717,
    0.8686740890688259,
    0.8723178137651821,
    0.8768724696356275,
    0.8842611336032389,
    0.887753036437247,
    0.8897267206477733,
    0.8951923076923077,
    0.896002024291498,
    0.9001012145748988,
    0.9014676113360324,
    0.9076923076923077,
    0.9120445344129555,
    0.9111842105263158,
    0.9157388663967612,
    0.916751012145749,
    0.9184210526315789,
    0.9217105263157894,
    0.9189777327935222,
    0.9268218623481781,
    0.9268724696356275,
    0.9228744939271255,
    0.9332995951417004,
    0.9293522267206478,
    0.9464574898785425,
    0.9455465587044535,
    0.9511133603238866,
    0.9517712550607288,
    0.9515182186234817,
    0.9539473684210527,
    0.9591599190283401,
    0.9581983805668016,
    0.9605769230769231
  ],
  "val_loss": [
    2.722611852792593,
    1.1960473639762352,
    0.649917452055433,
    0.42215478685703356,
    0.2849397907372911,
    0.2256062076038677,
    0.16526983592674316,
    0.11448195895806015,
    0.10005922545546944,
    0.09387688539650758,
    0.08735259914929085,
    0.06155059676964273,
    0.04314268505886981,
    0.04091628989589359,
    0.03880534195586255,
    0.043108922766468785,
    0.025510218912200164,
    0.025008396231588202,
    0.019730081167901575,
    0.02124367437366894,
    0.020476319939407107,
    0.014789499400884878,
    0.01364065110570325,
    0.014285966357864771,
    0.012735079633008862,
    0.010976398786952198,
    0.01262619153611543,
    0.01314895640585481,
    0.009923012930096734,
    0.01650442637421609,
    0.007456562962917505,
    0.007654449956888439,
    0.008017300208123223,
    0.006635598733319867,
    0.005318668286734626,
    0.005657096018473644,
    0.006544195198518062,
    0.008873096454984259,
    0.005613938438553393,
    0.0029910681627267548,
    0.003537103208836483,
    0.0022256734410806573,
    0.0022569439755647813,
    0.002134956277233265,
    0.002423592459692984,
    0.0016087516622433084,
    0.002400972202040913,
    0.0014346075292049777,
    0.001457286772642966,
    0.0013140403087715902
  ],
  "val_acc": [
    0.2923076923076923,
    0.6267206477732794,
    0.7860323886639676,
    0.8686234817813765,
    0.9202429149797571,
    0.9350202429149798,
    0.948582995951417,
    0.9613360323886639,
    0.9734817813765182,
    0.9712550607287449,
    0.9720647773279352,
    0.9805668016194332,
    0.9904858299595142,
    0.9898785425101214,
    0.9878542510121457,
    0.9862348178137652,
    0.9927125506072875,
    0.9937246963562752,
    0.9953441295546559,
    0.994331983805668,
    0.9941295546558705,
    0.9967611336032388,
    0.9951417004048583,
    0.9959514170040485,
    0.9973684210526316,
    0.9973684210526316,
    0.994331983805668,
    0.9969635627530364,
    0.9955465587044534,
    0.9951417004048583,
    0.9975708502024292,
    0.9955465587044534,
    0.998582995951417,
    0.9973684210526316,
    1.0,
    0.9991902834008097,
    0.9971659919028341,
    0.9969635627530364,
    0.9993927125506072,
    0.9991902834008097,
    0.9989878542510121,
    1.0,
    0.9997975708502024,
    1.0,
    0.9991902834008097,
    1.0,
    0.9993927125506072,
    1.0,
    1.0,
    1.0
  ],
  "lr": [
    0.001,
    0.001,
    0.001,
    0.001,
    0.001,
    0.001,
    0.001,
    0.001,
    0.001,
    0.001,
    0.001,
    0.001,
    0.001,
    0.001,
    0.001,
    0.001,
    0.001,
    0.001,
    0.001,
    0.001,
    0.001,
    0.001,
    0.001,
    0.001,
    0.001,
    0.001,
    0.001,
    0.001,
    0.001,
    0.001,
    0.001,
    0.001,
    0.001,
    0.001,
    0.001,
    0.001,
    0.001,
    0.001,
    0.001,
    0.001,
    0.001,
    0.0005,
    0.0005,
    0.0005,
    0.0005,
    0.0005,
    0.0005,
    0.00025,
    0.00025,
    0.00025
  ]
}